protocolo,modelo,n_folds,mape,mae,rmse,r2,top1,top1_sempre_campeao
GroupKFold,ols_simples__num(Fracao_Perda_A)__cat(Sexo_Animal_Modelo),5,2.8690146564821917,0.1394857319927493,0.1936628427377324,-0.07703401153953873,0.3147474747474748,0.2658585858585859
GroupKFold,ols__num(Fracao_Perda_A)__cat(Sexo_Animal_Modelo),5,2.8690146565043144,0.13948573199242925,0.1936628427370118,-0.07703401152879492,0.3147474747474748,0.2658585858585859
GroupKFold,splines__num(Fracao_Perda_A)__cat(Sexo_Animal_Modelo),5,2.8690146565043144,0.13948573199242925,0.1936628427370118,-0.07703401152879492,0.3147474747474748,0.2658585858585859
GroupKFold,ols__num(Fracao_Perda_A)__cat(Modelo),5,2.919246280108882,0.13971320765308332,0.19444757774250174,-0.08335955657723393,0.3147474747474748,0.2658585858585859
GroupKFold,ols_simples__num(Fracao_Perda_A)__cat(Modelo),5,2.919246280108882,0.13971320765308332,0.19444757774250174,-0.08335955657723385,0.3147474747474748,0.2658585858585859
GroupKFold,splines__num(Fracao_Perda_A)__cat(Modelo),5,2.919246280108882,0.13971320765308332,0.19444757774250174,-0.08335955657723393,0.3147474747474748,0.2658585858585859
GroupKFold,ols_simples__num(Peso_Corporal_kg)__cat(Sexo_Animal_Modelo),5,2.9255956168504484,0.14040273433756845,0.1948851121554831,-0.09050950137118922,0.3147474747474748,0.2658585858585859
GroupKFold,ols__num(Peso_Corporal_kg)__cat(Sexo_Animal_Modelo),5,2.925595616850692,0.1404027343375927,0.19488511215558418,-0.09050950137252908,0.3147474747474748,0.2658585858585859
GroupKFold,splines__num(Peso_Corporal_kg)__cat(Sexo_Animal_Modelo),5,2.925595616850692,0.1404027343375927,0.19488511215558418,-0.09050950137252908,0.3147474747474748,0.2658585858585859
GroupKFold,ols_simples__num(Peso_Corporal_kg)__cat(Status_Metabolico_Sexo_Animal_Modelo),5,2.9293336211035714,0.14198726034609388,0.19603605732664217,-0.10784820493677665,0.3147474747474748,0.2658585858585859
GroupKFold,ols__num(Peso_Corporal_kg)__cat(Status_Metabolico_Sexo_Animal_Modelo),5,2.929333732666377,0.14198725937336007,0.19603605626162823,-0.10784819358825319,0.3147474747474748,0.2658585858585859
GroupKFold,splines__num(Peso_Corporal_kg)__cat(Status_Metabolico_Sexo_Animal_Modelo),5,2.929333732666377,0.14198725937336007,0.19603605626162823,-0.10784819358825319,0.3147474747474748,0.2658585858585859
GroupKFold,ols__num(Fracao_Perda_A)__cat(Status_Metabolico_Sexo_Animal_Modelo),5,2.9296283695500738,0.14236764243393435,0.1959465569274873,-0.10791033818725877,0.3147474747474748,0.2658585858585859
GroupKFold,splines__num(Fracao_Perda_A)__cat(Status_Metabolico_Sexo_Animal_Modelo),5,2.9296283695500738,0.14236764243393435,0.1959465569274873,-0.10791033818725877,0.3147474747474748,0.2658585858585859
GroupKFold,ols_simples__num(Fracao_Perda_A)__cat(Status_Metabolico_Sexo_Animal_Modelo),5,2.9296283737648077,0.1423676427404951,0.19594655713202896,-0.10791034037864118,0.3147474747474748,0.2658585858585859
GroupKFold,splines_simples__num(Fracao_Perda_A)__cat(Sexo_Animal_Modelo),5,2.94377240477815,0.14126108657530687,0.19517326379655883,-0.09693294898843004,0.3147474747474748,0.2658585858585859
GroupKFold,ols_simples__num(Consumo_MS_kg_Fracao_Perda_A)__cat(Sexo_Animal_Modelo),5,2.9480908726868655,0.14095348580469386,0.19513241072640233,-0.09557348674693573,0.3147474747474748,0.2658585858585859
GroupKFold,ols__num(Consumo_MS_kg_Fracao_Perda_A)__cat(Sexo_Animal_Modelo),5,2.948090872686866,0.14095348580469386,0.19513241072640233,-0.09557348674693578,0.3147474747474748,0.2658585858585859
GroupKFold,splines__num(Consumo_MS_kg_Fracao_Perda_A)__cat(Sexo_Animal_Modelo),5,2.948090872686866,0.14095348580469386,0.19513241072640233,-0.09557348674693578,0.3147474747474748,0.2658585858585859
GroupKFold,ols__num(Fracao_Perda_A)__cat(Sexo_Animal),5,2.9521041771149745,0.14045136831351096,0.193579487058205,-0.07644669416746128,0.11707070707070706,0.2658585858585859
GroupKFold,splines__num(Fracao_Perda_A)__cat(Sexo_Animal),5,2.9521041771149745,0.14045136831351096,0.193579487058205,-0.07644669416746128,0.11707070707070706,0.2658585858585859
GroupKFold,ols_simples__num(Fracao_Perda_A)__cat(Sexo_Animal),5,2.952104177118531,0.14045136831373667,0.1935794870583552,-0.0764466941694053,0.11707070707070706,0.2658585858585859
GroupKFold,baseline_mediana_modelo,5,2.9580545847707778,0.1399769711110929,0.19403322307923912,-0.07870498939992202,0.2658585858585859,0.2658585858585859
GroupKFold,ols_simples__num(Consumo_MS_kg_Fracao_Perda_A)__cat(Status_Metabolico_Sexo_Animal_Modelo),5,2.9606890546737246,0.14301783368793503,0.1967415771608078,-0.1188043719973511,0.3147474747474748,0.2658585858585859
GroupKFold,ols__num(Consumo_MS_kg_Fracao_Perda_A)__cat(Status_Metabolico_Sexo_Animal_Modelo),5,2.9606891849738055,0.14301783939696294,0.19674158522975252,-0.1188044721001769,0.3147474747474748,0.2658585858585859
GroupKFold,splines__num(Consumo_MS_kg_Fracao_Perda_A)__cat(Status_Metabolico_Sexo_Animal_Modelo),5,2.9606891849738055,0.14301783939696294,0.19674158522975252,-0.1188044721001769,0.3147474747474748,0.2658585858585859
GroupKFold,ols_simples__num(Peso_Corporal_kg_Fracao_Perda_A)__cat(Sexo_Animal_Modelo),5,2.9653653247560556,0.14094001532403383,0.1951448009616516,-0.09563859656390106,0.3147474747474748,0.2658585858585859
GroupKFold,ols__num(Peso_Corporal_kg_Fracao_Perda_A)__cat(Sexo_Animal_Modelo),5,2.965365324756056,0.14094001532403383,0.19514480096165165,-0.09563859656390136,0.3147474747474748,0.2658585858585859
GroupKFold,splines__num(Peso_Corporal_kg_Fracao_Perda_A)__cat(Sexo_Animal_Modelo),5,2.965365324756056,0.14094001532403383,0.19514480096165165,-0.09563859656390136,0.3147474747474748,0.2658585858585859
GroupKFold,ols__num(Consumo_MS_kg)__cat(Sexo_Animal_Modelo),5,2.965866473426668,0.1407333794601377,0.1964387870160895,-0.10982133144738007,0.3147474747474748,0.2658585858585859
GroupKFold,splines__num(Consumo_MS_kg)__cat(Sexo_Animal_Modelo),5,2.965866473426668,0.1407333794601377,0.1964387870160895,-0.10982133144738007,0.3147474747474748,0.2658585858585859
GroupKFold,ols_simples__num(Consumo_MS_kg)__cat(Sexo_Animal_Modelo),5,2.965866473431979,0.14073337946012532,0.1964387870157603,-0.1098213314435664,0.3147474747474748,0.2658585858585859
GroupKFold,ols__num(Peso_Corporal_kg_Consumo_MS_kg)__cat(Sexo_Animal_Modelo),5,2.969846332208034,0.14114795363633575,0.19562609414689341,-0.1008443797383682,0.3147474747474748,0.2658585858585859
GroupKFold,splines__num(Peso_Corporal_kg_Consumo_MS_kg)__cat(Sexo_Animal_Modelo),5,2.969846332208034,0.14114795363633575,0.19562609414689341,-0.1008443797383682,0.3147474747474748,0.2658585858585859
GroupKFold,ols_simples__num(Peso_Corporal_kg_Consumo_MS_kg)__cat(Sexo_Animal_Modelo),5,2.969846332208035,0.14114795363633575,0.19562609414689341,-0.1008443797383682,0.3147474747474748,0.2658585858585859
GroupKFold,ols__num(Peso_Corporal_kg_Fracao_Perda_A)__cat(Status_Metabolico_Sexo_Animal_Modelo),5,2.9721148880057355,0.1428569138147749,0.19655591190016997,-0.11580242253696901,0.3147474747474748,0.2658585858585859
GroupKFold,splines__num(Peso_Corporal_kg_Fracao_Perda_A)__cat(Status_Metabolico_Sexo_Animal_Modelo),5,2.9721148880057355,0.1428569138147749,0.19655591190016997,-0.11580242253696901,0.3147474747474748,0.2658585858585859
GroupKFold,ols_simples__num(Peso_Corporal_kg_Fracao_Perda_A)__cat(Status_Metabolico_Sexo_Animal_Modelo),5,2.972114927943842,0.14285691679390528,0.19655591694480723,-0.11580248539647511,0.3147474747474748,0.2658585858585859
GroupKFold,ols__num(Consumo_MS_kg)__cat(Status_Metabolico_Sexo_Animal_Modelo),5,2.9727776524533054,0.14256240850816385,0.19706281555536456,-0.12029161275520824,0.3147474747474748,0.2658585858585859
GroupKFold,splines__num(Consumo_MS_kg)__cat(Status_Metabolico_Sexo_Animal_Modelo),5,2.9727776524533054,0.14256240850816385,0.19706281555536456,-0.12029161275520824,0.3147474747474748,0.2658585858585859
GroupKFold,ols_simples__num(Consumo_MS_kg)__cat(Status_Metabolico_Sexo_Animal_Modelo),5,2.9727776577683684,0.14256240861794695,0.1970628150172072,-0.12029160719778739,0.3147474747474748,0.2658585858585859
GroupKFold,ols__num(Peso_Corporal_kg_Consumo_MS_kg)__cat(Status_Metabolico_Sexo_Animal_Modelo),5,2.97550987215009,0.14306213929504003,0.19697349304298808,-0.12047200871027393,0.3147474747474748,0.2658585858585859
GroupKFold,splines__num(Peso_Corporal_kg_Consumo_MS_kg)__cat(Status_Metabolico_Sexo_Animal_Modelo),5,2.97550987215009,0.14306213929504003,0.19697349304298808,-0.12047200871027393,0.3147474747474748,0.2658585858585859
GroupKFold,ols_simples__num(Peso_Corporal_kg_Consumo_MS_kg)__cat(Status_Metabolico_Sexo_Animal_Modelo),5,2.9755104283853706,0.1430621428126571,0.19697350151883103,-0.12047209688765811,0.3147474747474748,0.2658585858585859
GroupKFold,ols__num(Peso_Corporal_kg_Consumo_MS_kg_Fracao_Perda_A)__cat(Sexo_Animal_Modelo),5,2.978706156892451,0.14133910266217412,0.19547626635233467,-0.10064226819147301,0.3147474747474748,0.2658585858585859
GroupKFold,ols_simples__num(Peso_Corporal_kg_Consumo_MS_kg_Fracao_Perda_A)__cat(Sexo_Animal_Modelo),5,2.978706156892451,0.14133910266217412,0.19547626635233467,-0.10064226819147307,0.3147474747474748,0.2658585858585859
GroupKFold,splines__num(Peso_Corporal_kg_Consumo_MS_kg_Fracao_Perda_A)__cat(Sexo_Animal_Modelo),5,2.978706156892451,0.14133910266217412,0.19547626635233467,-0.10064226819147301,0.3147474747474748,0.2658585858585859
GroupKFold,ols__num(Peso_Corporal_kg_Consumo_MS_kg_Fracao_Perda_A)__cat(Status_Metabolico_Sexo_Animal_Modelo),5,2.9880344929109675,0.1431725676027149,0.1968156684681508,-0.12005972980555764,0.3147474747474748,0.2658585858585859
GroupKFold,splines__num(Peso_Corporal_kg_Consumo_MS_kg_Fracao_Perda_A)__cat(Status_Metabolico_Sexo_Animal_Modelo),5,2.9880344929109675,0.1431725676027149,0.1968156684681508,-0.12005972980555764,0.3147474747474748,0.2658585858585859
GroupKFold,ols_simples__num(Peso_Corporal_kg_Consumo_MS_kg_Fracao_Perda_A)__cat(Status_Metabolico_Sexo_Animal_Modelo),5,2.9880344929109697,0.14317256760271493,0.1968156684681508,-0.12005972980555772,0.3147474747474748,0.2658585858585859
GroupKFold,splines_simples__num(Consumo_MS_kg_Fracao_Perda_A)__cat(Sexo_Animal_Modelo),5,3.0014052827956323,0.14270446063529954,0.19705541894418482,-0.11989823644024904,0.3147474747474748,0.2658585858585859
GroupKFold,splines_simples__num(Peso_Corporal_kg)__cat(Sexo_Animal_Modelo),5,3.001973866826765,0.1411464216010723,0.19588390146452953,-0.10433690433520373,0.3147474747474748,0.2658585858585859
GroupKFold,splines_simples__num(Consumo_MS_kg_Fracao_Perda_A)__cat(Status_Metabolico_Sexo_Animal_Modelo),5,3.0046110939113015,0.14459345250466418,0.19837653755950463,-0.1404461399089038,0.3147474747474748,0.2658585858585859
GroupKFold,ols_simples__num(Peso_Corporal_kg)__cat(Status_Metabolico_Sexo_Animal),5,3.004791793998268,0.14279813719431583,0.19592901916580416,-0.10667787026313236,0.11707070707070706,0.2658585858585859
GroupKFold,ols__num(Peso_Corporal_kg)__cat(Status_Metabolico_Sexo_Animal),5,3.004791799243621,0.14279813726988128,0.19592901901020143,-0.10667786825375684,0.11707070707070706,0.2658585858585859
GroupKFold,splines__num(Peso_Corporal_kg)__cat(Status_Metabolico_Sexo_Animal),5,3.004791799243621,0.14279813726988128,0.19592901901020143,-0.10667786825375684,0.11707070707070706,0.2658585858585859
GroupKFold,ols_simples__num(Peso_Corporal_kg)__cat(Sexo_Animal),5,3.0061137788050116,0.1413776521812336,0.1948138406307522,-0.0898931914241992,0.11707070707070706,0.2658585858585859
GroupKFold,ols__num(Peso_Corporal_kg)__cat(Sexo_Animal),5,3.0061137788070798,0.14137765218134232,0.1948138406307747,-0.0898931914244212,0.11707070707070706,0.2658585858585859
GroupKFold,splines__num(Peso_Corporal_kg)__cat(Sexo_Animal),5,3.0061137788070798,0.14137765218134232,0.1948138406307747,-0.0898931914244212,0.11707070707070706,0.2658585858585859
GroupKFold,ols_simples__num(Fracao_Perda_A)__cat(Status_Metabolico_Sexo_Animal),5,3.0079499122853566,0.1433016147557176,0.19582061819167737,-0.1066147505814969,0.11707070707070706,0.2658585858585859
GroupKFold,ols__num(Fracao_Perda_A)__cat(Status_Metabolico_Sexo_Animal),5,3.0079499130294227,0.14330161454752025,0.1958206179311725,-0.10661474684963972,0.11707070707070706,0.2658585858585859
GroupKFold,splines__num(Fracao_Perda_A)__cat(Status_Metabolico_Sexo_Animal),5,3.0079499130294227,0.14330161454752025,0.1958206179311725,-0.10661474684963972,0.11707070707070706,0.2658585858585859
GroupKFold,splines_simples__num(Peso_Corporal_kg_Consumo_MS_kg)__cat(Sexo_Animal_Modelo),5,3.013732679778294,0.14007878867131662,0.19497151773133772,-0.09589468802514656,0.3147474747474748,0.2658585858585859
GroupKFold,splines_simples__num(Consumo_MS_kg)__cat(Sexo_Animal_Modelo),5,3.0193543198160695,0.14261946971042555,0.19856324738872316,-0.13707470244390169,0.3147474747474748,0.2658585858585859
GroupKFold,splines_simples__num(Fracao_Perda_A)__cat(Sexo_Animal),5,3.026705166648992,0.14198508937613952,0.19507604017272692,-0.0962703168686236,0.11707070707070706,0.2658585858585859
GroupKFold,splines_simples__num(Consumo_MS_kg)__cat(Status_Metabolico_Sexo_Animal_Modelo),5,3.026988754155997,0.14452775004805057,0.19930482386474097,-0.14931533106527645,0.3147474747474748,0.2658585858585859
GroupKFold,ols__num(Consumo_MS_kg_Fracao_Perda_A)__cat(Sexo_Animal),5,3.0308308316202166,0.14191822667250376,0.19504022123254053,-0.09478156973813875,0.11707070707070706,0.2658585858585859
GroupKFold,splines__num(Consumo_MS_kg_Fracao_Perda_A)__cat(Sexo_Animal),5,3.0308308316202166,0.14191822667250376,0.19504022123254053,-0.09478156973813875,0.11707070707070706,0.2658585858585859
GroupKFold,ols_simples__num(Consumo_MS_kg_Fracao_Perda_A)__cat(Sexo_Animal),5,3.030830831620217,0.14191822667250373,0.19504022123254053,-0.09478156973813871,0.11707070707070706,0.2658585858585859
GroupKFold,splines_simples__num(Fracao_Perda_A)__cat(Status_Metabolico_Sexo_Animal_Modelo),5,3.0322240616790177,0.14436892658864559,0.1974905844624537,-0.12895523237674533,0.3147474747474748,0.2658585858585859
GroupKFold,splines_simples__num(Peso_Corporal_kg_Consumo_MS_kg_Fracao_Perda_A)__cat(Sexo_Animal_Modelo),5,3.034031623812777,0.1406945354194591,0.19593325936969258,-0.10832546498022459,0.3147474747474748,0.2658585858585859
GroupKFold,splines_simples__num(Peso_Corporal_kg_Fracao_Perda_A)__cat(Sexo_Animal_Modelo),5,3.037496574661778,0.1410191695487538,0.19573532379005074,-0.1052085773822038,0.3147474747474748,0.2658585858585859
GroupKFold,ols__num(Consumo_MS_kg_Fracao_Perda_A)__cat(Status_Metabolico_Sexo_Animal),5,3.0388979566237575,0.14397350365929845,0.19660955200279,-0.11740269706194262,0.11707070707070706,0.2658585858585859
GroupKFold,ols_simples__num(Consumo_MS_kg_Fracao_Perda_A)__cat(Status_Metabolico_Sexo_Animal),5,3.0388979566237575,0.14397350365929845,0.19660955200279,-0.11740269706194266,0.11707070707070706,0.2658585858585859
GroupKFold,splines__num(Consumo_MS_kg_Fracao_Perda_A)__cat(Status_Metabolico_Sexo_Animal),5,3.0388979566237575,0.14397350365929845,0.19660955200279,-0.11740269706194262,0.11707070707070706,0.2658585858585859
GroupKFold,ols_simples__num(Consumo_MS_kg)__cat(Sexo_Animal),5,3.0465083424315536,0.1417139253894541,0.19639997399680303,-0.10957834093807572,0.11707070707070706,0.2658585858585859
GroupKFold,ols__num(Consumo_MS_kg)__cat(Sexo_Animal),5,3.046508342431863,0.14171392538944066,0.1963999739966426,-0.10957834093613968,0.11707070707070706,0.2658585858585859
GroupKFold,splines__num(Consumo_MS_kg)__cat(Sexo_Animal),5,3.046508342431863,0.14171392538944066,0.1963999739966426,-0.10957834093613968,0.11707070707070706,0.2658585858585859
GroupKFold,ols__num(Peso_Corporal_kg_Fracao_Perda_A)__cat(Sexo_Animal),5,3.048392209132042,0.14191463117809283,0.19504461166661863,-0.09475660383574178,0.11707070707070706,0.2658585858585859
GroupKFold,ols_simples__num(Peso_Corporal_kg_Fracao_Perda_A)__cat(Sexo_Animal),5,3.048392209132042,0.14191463117809283,0.19504461166661863,-0.09475660383574183,0.11707070707070706,0.2658585858585859
GroupKFold,splines__num(Peso_Corporal_kg_Fracao_Perda_A)__cat(Sexo_Animal),5,3.048392209132042,0.14191463117809283,0.19504461166661863,-0.09475660383574178,0.11707070707070706,0.2658585858585859
GroupKFold,ols_simples__num(Consumo_MS_kg)__cat(Status_Metabolico_Sexo_Animal),5,3.0501657069991954,0.14353570896647436,0.1969680295659934,-0.11920741019439736,0.11707070707070706,0.2658585858585859
GroupKFold,ols__num(Consumo_MS_kg)__cat(Status_Metabolico_Sexo_Animal),5,3.0501657082700344,0.14353570888940875,0.19696802948154116,-0.11920740914013606,0.11707070707070706,0.2658585858585859
GroupKFold,splines__num(Consumo_MS_kg)__cat(Status_Metabolico_Sexo_Animal),5,3.0501657082700344,0.14353570888940875,0.19696802948154116,-0.11920740914013606,0.11707070707070706,0.2658585858585859
GroupKFold,ols_simples__num(Peso_Corporal_kg_Fracao_Perda_A)__cat(Status_Metabolico_Sexo_Animal),5,3.0502827376444257,0.1437615229977144,0.1964202334849517,-0.11436731322382258,0.11707070707070706,0.2658585858585859
GroupKFold,ols__num(Peso_Corporal_kg_Fracao_Perda_A)__cat(Status_Metabolico_Sexo_Animal),5,3.0502827376444266,0.1437615229977144,0.1964202334849517,-0.11436731322382276,0.11707070707070706,0.2658585858585859
GroupKFold,splines__num(Peso_Corporal_kg_Fracao_Perda_A)__cat(Status_Metabolico_Sexo_Animal),5,3.0502827376444266,0.1437615229977144,0.1964202334849517,-0.11436731322382276,0.11707070707070706,0.2658585858585859
GroupKFold,ols__num(Peso_Corporal_kg_Consumo_MS_kg)__cat(Sexo_Animal),5,3.0521502072210196,0.14202131438982968,0.19553365637643624,-0.10003422825675581,0.11707070707070706,0.2658585858585859
GroupKFold,ols_simples__num(Peso_Corporal_kg_Consumo_MS_kg)__cat(Sexo_Animal),5,3.0521502072210196,0.1420213143898297,0.19553365637643624,-0.10003422825675568,0.11707070707070706,0.2658585858585859
GroupKFold,splines__num(Peso_Corporal_kg_Consumo_MS_kg)__cat(Sexo_Animal),5,3.0521502072210196,0.14202131438982968,0.19553365637643624,-0.10003422825675581,0.11707070707070706,0.2658585858585859
GroupKFold,ols__num(Peso_Corporal_kg_Consumo_MS_kg)__cat(Status_Metabolico_Sexo_Animal),5,3.0526199311619417,0.1438280259351175,0.19684633512784727,-0.11910779671361968,0.11707070707070706,0.2658585858585859
GroupKFold,ols_simples__num(Peso_Corporal_kg_Consumo_MS_kg)__cat(Status_Metabolico_Sexo_Animal),5,3.0526199311619417,0.1438280259351175,0.19684633512784724,-0.1191077967136196,0.11707070707070706,0.2658585858585859
GroupKFold,splines__num(Peso_Corporal_kg_Consumo_MS_kg)__cat(Status_Metabolico_Sexo_Animal),5,3.0526199311619417,0.1438280259351175,0.19684633512784727,-0.11910779671361968,0.11707070707070706,0.2658585858585859
GroupKFold,ols_simples__num(Peso_Corporal_kg_Consumo_MS_kg_Fracao_Perda_A)__cat(Sexo_Animal),5,3.061879048106345,0.14235652628112141,0.19537270657042993,-0.09970539797046181,0.11707070707070706,0.2658585858585859
GroupKFold,ols__num(Peso_Corporal_kg_Consumo_MS_kg_Fracao_Perda_A)__cat(Sexo_Animal),5,3.0618790481063454,0.14235652628112141,0.19537270657042993,-0.09970539797046185,0.11707070707070706,0.2658585858585859
GroupKFold,splines__num(Peso_Corporal_kg_Consumo_MS_kg_Fracao_Perda_A)__cat(Sexo_Animal),5,3.0618790481063454,0.14235652628112141,0.19537270657042993,-0.09970539797046185,0.11707070707070706,0.2658585858585859
GroupKFold,splines_simples__num(Peso_Corporal_kg_Consumo_MS_kg)__cat(Status_Metabolico_Sexo_Animal_Modelo),5,3.065333326837944,0.14230447519507994,0.19664289624080697,-0.11764518618961275,0.3147474747474748,0.2658585858585859
GroupKFold,ols__num(Peso_Corporal_kg_Consumo_MS_kg_Fracao_Perda_A)__cat(Status_Metabolico_Sexo_Animal),5,3.067068095493136,0.14422313097213998,0.19668193092611286,-0.11863237295453741,0.11707070707070706,0.2658585858585859
GroupKFold,splines__num(Peso_Corporal_kg_Consumo_MS_kg_Fracao_Perda_A)__cat(Status_Metabolico_Sexo_Animal),5,3.067068095493136,0.14422313097213998,0.19668193092611286,-0.11863237295453741,0.11707070707070706,0.2658585858585859
GroupKFold,ols_simples__num(Peso_Corporal_kg_Consumo_MS_kg_Fracao_Perda_A)__cat(Status_Metabolico_Sexo_Animal),5,3.067068095493137,0.14422313097214,0.19668193092611286,-0.11863237295453737,0.11707070707070706,0.2658585858585859
GroupKFold,splines_simples__num(Peso_Corporal_kg_Consumo_MS_kg_Fracao_Perda_A)__cat(Status_Metabolico_Sexo_Animal_Modelo),5,3.0814202550463987,0.1424029863987771,0.19710362133734532,-0.12390667829067156,0.3147474747474748,0.2658585858585859
GroupKFold,splines_simples__num(Consumo_MS_kg_Fracao_Perda_A)__cat(Status_Metabolico_Sexo_Animal),5,3.0821241268377197,0.14534602614342446,0.19820866776225587,-0.1385215401346717,0.11707070707070706,0.2658585858585859
GroupKFold,splines_simples__num(Consumo_MS_kg_Fracao_Perda_A)__cat(Sexo_Animal),5,3.0847817864883855,0.14358077211838205,0.19692029076556736,-0.11851260670348718,0.11707070707070706,0.2658585858585859
GroupKFold,splines_simples__num(Peso_Corporal_kg_Fracao_Perda_A)__cat(Status_Metabolico_Sexo_Animal_Modelo),5,3.0878678694884103,0.14319396489447475,0.1973454951433346,-0.1262573371965527,0.3147474747474748,0.2658585858585859
GroupKFold,ols_simples__num(Fracao_Perda_A)__cat(Pais_Estudo_Sexo_Animal_Modelo),5,3.092340757687051,0.1488119357756377,0.2046665034513615,-0.235457110037855,0.3147474747474748,0.2658585858585859
GroupKFold,ols__num(Fracao_Perda_A)__cat(Pais_Estudo_Sexo_Animal_Modelo),5,3.0923421738126686,0.14881192821445474,0.20466665535720258,-0.23545909911799784,0.3147474747474748,0.2658585858585859
GroupKFold,splines__num(Fracao_Perda_A)__cat(Pais_Estudo_Sexo_Animal_Modelo),5,3.0923421738126686,0.14881192821445474,0.20466665535720258,-0.23545909911799784,0.3147474747474748,0.2658585858585859
GroupKFold,splines_simples__num(Peso_Corporal_kg_Consumo_MS_kg)__cat(Sexo_Animal),5,3.0958699328296944,0.14111052481516773,0.19491888532443738,-0.09548665242116025,0.11707070707070706,0.2658585858585859
GroupKFold,splines_simples__num(Consumo_MS_kg)__cat(Sexo_Animal),5,3.100213754152502,0.1434026692812073,0.19848623227030163,-0.1362977977625016,0.11707070707070706,0.2658585858585859
GroupKFold,splines_simples__num(Fracao_Perda_A)__cat(Status_Metabolico_Sexo_Animal),5,3.112188598761448,0.14514832299387825,0.19735522911062758,-0.12764053960438235,0.11707070707070706,0.2658585858585859
GroupKFold,splines_simples__num(Peso_Corporal_kg_Consumo_MS_kg_Fracao_Perda_A)__cat(Sexo_Animal),5,3.115427478530255,0.14179731337195461,0.19586426163599838,-0.10765074466222257,0.11707070707070706,0.2658585858585859
GroupKFold,splines_simples__num(Peso_Corporal_kg_Fracao_Perda_A)__cat(Sexo_Animal),5,3.119474860832892,0.14202002487405513,0.19566668420405883,-0.1045856773271582,0.11707070707070706,0.2658585858585859
LOSO_paises_case,ols__num(Fracao_Perda_A)__cat(Pais_Estudo_Sexo_Animal_Modelo),38,2.2785758663241698,0.11651820960950192,0.13579926192021377,-2.4556709583532608,0.4385964912280702,0.4385964912280702
LOSO_paises_case,splines__num(Fracao_Perda_A)__cat(Pais_Estudo_Sexo_Animal_Modelo),38,2.2785758663241698,0.11651820960950192,0.13579926192021377,-2.4556709583532608,0.4385964912280702,0.4385964912280702
LOSO_paises_case,ols_simples__num(Fracao_Perda_A)__cat(Pais_Estudo_Sexo_Animal_Modelo),38,2.2785761332251853,0.11651815180653748,0.13579925432447454,-2.455664810999002,0.4385964912280702,0.4385964912280702
LOSO_paises_case,ols_simples__num(Peso_Corporal_kg)__cat(Status_Metabolico_Sexo_Animal_Modelo),38,2.419851654124878,0.1133615217427673,0.1306857077114485,-2.0826357422088515,0.4385964912280702,0.4385964912280702
LOSO_paises_case,ols__num(Peso_Corporal_kg)__cat(Status_Metabolico_Sexo_Animal_Modelo),38,2.4198520493177758,0.11336153336110451,0.1306857150779509,-2.082635939406582,0.4385964912280702,0.4385964912280702
LOSO_paises_case,splines__num(Peso_Corporal_kg)__cat(Status_Metabolico_Sexo_Animal_Modelo),38,2.4198520493177758,0.11336153336110451,0.1306857150779509,-2.082635939406582,0.4385964912280702,0.4385964912280702
LOSO_paises_case,ols_simples__num(Peso_Corporal_kg_Consumo_MS_kg)__cat(Status_Metabolico_Sexo_Animal_Modelo),38,2.4318336227288104,0.11356209863976129,0.13137949504472216,-2.058522198237702,0.4385964912280702,0.4385964912280702
LOSO_paises_case,ols__num(Peso_Corporal_kg_Consumo_MS_kg)__cat(Status_Metabolico_Sexo_Animal_Modelo),38,2.431833903237765,0.11356209480824755,0.13137949184484643,-2.0585218954940685,0.4385964912280702,0.4385964912280702
LOSO_paises_case,splines__num(Peso_Corporal_kg_Consumo_MS_kg)__cat(Status_Metabolico_Sexo_Animal_Modelo),38,2.431833903237765,0.11356209480824755,0.13137949184484643,-2.0585218954940685,0.4385964912280702,0.4385964912280702
LOSO_paises_case,splines_simples__num(Consumo_MS_kg_Fracao_Perda_A)__cat(Status_Metabolico_Sexo_Animal_Modelo),38,2.4392535179920327,0.1138953561949382,0.13165321468156324,-2.119574834601334,0.4385964912280702,0.4385964912280702
LOSO_paises_case,ols_simples__num(Consumo_MS_kg_Fracao_Perda_A)__cat(Status_Metabolico_Sexo_Animal_Modelo),38,2.4491462088943803,0.11380584704794036,0.13151829137092383,-2.0964719680987405,0.4385964912280702,0.4385964912280702
LOSO_paises_case,ols__num(Consumo_MS_kg_Fracao_Perda_A)__cat(Status_Metabolico_Sexo_Animal_Modelo),38,2.4491464222490853,0.11380588616545077,0.13151831540614856,-2.096473445916083,0.4385964912280702,0.4385964912280702
LOSO_paises_case,splines__num(Consumo_MS_kg_Fracao_Perda_A)__cat(Status_Metabolico_Sexo_Animal_Modelo),38,2.4491464222490853,0.11380588616545077,0.13151831540614856,-2.096473445916083,0.4385964912280702,0.4385964912280702
LOSO_paises_case,ols_simples__num(Peso_Corporal_kg)__cat(Status_Metabolico_Sexo_Animal),38,2.4503895179037714,0.11489374969406863,0.1321315856589702,-2.098805924042448,0.09429824561403508,0.4385964912280702
LOSO_paises_case,ols__num(Peso_Corporal_kg)__cat(Status_Metabolico_Sexo_Animal),38,2.450389956516658,0.11489376241142724,0.13213159383373121,-2.098806129097046,0.09429824561403508,0.4385964912280702
LOSO_paises_case,splines__num(Peso_Corporal_kg)__cat(Status_Metabolico_Sexo_Animal),38,2.450389956516658,0.11489376241142724,0.13213159383373121,-2.098806129097046,0.09429824561403508,0.4385964912280702
LOSO_paises_case,ols_simples__num(Peso_Corporal_kg_Fracao_Perda_A)__cat(Status_Metabolico_Sexo_Animal_Modelo),38,2.4522367924476725,0.11383613231411326,0.131591905274383,-2.084267111169794,0.4385964912280702,0.4385964912280702
LOSO_paises_case,ols__num(Peso_Corporal_kg_Fracao_Perda_A)__cat(Status_Metabolico_Sexo_Animal_Modelo),38,2.4522374327824146,0.11383613565106428,0.13159190312235275,-2.0842675230460768,0.4385964912280702,0.4385964912280702
LOSO_paises_case,splines__num(Peso_Corporal_kg_Fracao_Perda_A)__cat(Status_Metabolico_Sexo_Animal_Modelo),38,2.4522374327824146,0.11383613565106428,0.13159190312235275,-2.0842675230460768,0.4385964912280702,0.4385964912280702
LOSO_paises_case,ols__num(Peso_Corporal_kg_Consumo_MS_kg)__cat(Status_Metabolico_Sexo_Animal),38,2.4633211766266974,0.11534593589782853,0.1327438802869975,-2.072677143893009,0.09429824561403508,0.4385964912280702
LOSO_paises_case,splines__num(Peso_Corporal_kg_Consumo_MS_kg)__cat(Status_Metabolico_Sexo_Animal),38,2.4633211766266974,0.11534593589782853,0.1327438802869975,-2.072677143893009,0.09429824561403508,0.4385964912280702
LOSO_paises_case,ols_simples__num(Peso_Corporal_kg_Consumo_MS_kg)__cat(Status_Metabolico_Sexo_Animal),38,2.4633211766266983,0.11534593589782853,0.1327438802869975,-2.0726771438930105,0.09429824561403508,0.4385964912280702
LOSO_paises_case,ols_simples__num(Fracao_Perda_A)__cat(Status_Metabolico_Sexo_Animal_Modelo),38,2.46368596472163,0.11408218443305912,0.13158724517787582,-2.073487259887082,0.4385964912280702,0.4385964912280702
LOSO_paises_case,ols__num(Fracao_Perda_A)__cat(Status_Metabolico_Sexo_Animal_Modelo),38,2.4636859907125204,0.11408218150593917,0.13158724136488958,-2.073486898279874,0.4385964912280702,0.4385964912280702
LOSO_paises_case,splines__num(Fracao_Perda_A)__cat(Status_Metabolico_Sexo_Animal_Modelo),38,2.4636859907125204,0.11408218150593917,0.13158724136488958,-2.073486898279874,0.4385964912280702,0.4385964912280702
LOSO_paises_case,splines_simples__num(Consumo_MS_kg_Fracao_Perda_A)__cat(Status_Metabolico_Sexo_Animal),38,2.469300788892646,0.11558769615207887,0.13311579781741012,-2.1339260841182157,0.09429824561403508,0.4385964912280702
LOSO_paises_case,ols__num(Peso_Corporal_kg_Consumo_MS_kg_Fracao_Perda_A)__cat(Status_Metabolico_Sexo_Animal_Modelo),38,2.469844903208208,0.1141192392102854,0.1317479880481046,-2.1207522552433993,0.4385964912280702,0.4385964912280702
LOSO_paises_case,splines__num(Peso_Corporal_kg_Consumo_MS_kg_Fracao_Perda_A)__cat(Status_Metabolico_Sexo_Animal_Modelo),38,2.469844903208208,0.1141192392102854,0.1317479880481046,-2.1207522552433993,0.4385964912280702,0.4385964912280702
LOSO_paises_case,ols_simples__num(Peso_Corporal_kg_Consumo_MS_kg_Fracao_Perda_A)__cat(Status_Metabolico_Sexo_Animal_Modelo),38,2.469844903208209,0.1141192392102854,0.1317479880481046,-2.120752255243399,0.4385964912280702,0.4385964912280702
LOSO_paises_case,splines_simples__num(Consumo_MS_kg)__cat(Status_Metabolico_Sexo_Animal_Modelo),38,2.4751438642815806,0.11515215485656745,0.13203548006192922,-2.1405386210604433,0.4385964912280702,0.4385964912280702
LOSO_paises_case,splines_simples__num(Fracao_Perda_A)__cat(Status_Metabolico_Sexo_Animal_Modelo),38,2.4761839671808903,0.1142135062993116,0.1321917648040073,-2.0599633792580763,0.4385964912280702,0.4385964912280702
LOSO_paises_case,ols__num(Consumo_MS_kg)__cat(Status_Metabolico_Sexo_Animal_Modelo),38,2.476743193953888,0.11452084251635597,0.13171850852909317,-2.105300112909881,0.4385964912280702,0.4385964912280702
LOSO_paises_case,splines__num(Consumo_MS_kg)__cat(Status_Metabolico_Sexo_Animal_Modelo),38,2.476743193953888,0.11452084251635597,0.13171850852909317,-2.105300112909881,0.4385964912280702,0.4385964912280702
LOSO_paises_case,ols_simples__num(Consumo_MS_kg)__cat(Status_Metabolico_Sexo_Animal_Modelo),38,2.4767432168267467,0.11452084336357755,0.13171850925439235,-2.1053001492405192,0.4385964912280702,0.4385964912280702
LOSO_paises_case,ols__num(Consumo_MS_kg_Fracao_Perda_A)__cat(Status_Metabolico_Sexo_Animal),38,2.4813034156219156,0.1156507590369593,0.13293067894338892,-2.111219932879319,0.09429824561403508,0.4385964912280702
LOSO_paises_case,splines__num(Consumo_MS_kg_Fracao_Perda_A)__cat(Status_Metabolico_Sexo_Animal),38,2.4813034156219156,0.1156507590369593,0.13293067894338892,-2.111219932879319,0.09429824561403508,0.4385964912280702
LOSO_paises_case,ols_simples__num(Consumo_MS_kg_Fracao_Perda_A)__cat(Status_Metabolico_Sexo_Animal),38,2.481303415621916,0.11565075903695927,0.13293067894338892,-2.111219932879319,0.09429824561403508,0.4385964912280702
LOSO_paises_case,ols__num(Peso_Corporal_kg_Fracao_Perda_A)__cat(Status_Metabolico_Sexo_Animal),38,2.4844704835762634,0.11569316504279546,0.1329741153875285,-2.0983428038432117,0.09429824561403508,0.4385964912280702
LOSO_paises_case,splines__num(Peso_Corporal_kg_Fracao_Perda_A)__cat(Status_Metabolico_Sexo_Animal),38,2.4844704835762634,0.11569316504279546,0.1329741153875285,-2.0983428038432117,0.09429824561403508,0.4385964912280702
LOSO_paises_case,ols_simples__num(Peso_Corporal_kg_Fracao_Perda_A)__cat(Status_Metabolico_Sexo_Animal),38,2.4844704835762643,0.11569316504279549,0.13297411538752854,-2.0983428038432126,0.09429824561403508,0.4385964912280702
LOSO_paises_case,ols__num(Peso_Corporal_kg)__cat(Sexo_Animal_Modelo),38,2.4902048184582624,0.11167470573590559,0.12847814767886762,-1.9524563327218818,0.4385964912280702,0.4385964912280702
LOSO_paises_case,splines__num(Peso_Corporal_kg)__cat(Sexo_Animal_Modelo),38,2.4902048184582624,0.11167470573590559,0.12847814767886762,-1.9524563327218818,0.4385964912280702,0.4385964912280702
LOSO_paises_case,ols_simples__num(Peso_Corporal_kg)__cat(Sexo_Animal_Modelo),38,2.490204818463636,0.11167470573658865,0.1284781476793367,-1.9524563327779025,0.4385964912280702,0.4385964912280702
LOSO_paises_case,ols_simples__num(Fracao_Perda_A)__cat(Status_Metabolico_Sexo_Animal),38,2.4956501382096548,0.11590839260824246,0.13294672343414785,-2.0871127877269426,0.09429824561403508,0.4385964912280702
LOSO_paises_case,ols__num(Fracao_Perda_A)__cat(Status_Metabolico_Sexo_Animal),38,2.4956502206775553,0.11590839554442688,0.13294672763773666,-2.0871129364199024,0.09429824561403508,0.4385964912280702
LOSO_paises_case,splines__num(Fracao_Perda_A)__cat(Status_Metabolico_Sexo_Animal),38,2.4956502206775553,0.11590839554442688,0.13294672763773666,-2.0871129364199024,0.09429824561403508,0.4385964912280702
LOSO_paises_case,ols__num(Peso_Corporal_kg_Consumo_MS_kg_Fracao_Perda_A)__cat(Status_Metabolico_Sexo_Animal),38,2.5020867241403093,0.1159594122082458,0.13317550713129972,-2.1355481568707075,0.09429824561403508,0.4385964912280702
LOSO_paises_case,splines__num(Peso_Corporal_kg_Consumo_MS_kg_Fracao_Perda_A)__cat(Status_Metabolico_Sexo_Animal),38,2.5020867241403093,0.1159594122082458,0.13317550713129972,-2.1355481568707075,0.09429824561403508,0.4385964912280702
LOSO_paises_case,ols_simples__num(Peso_Corporal_kg_Consumo_MS_kg_Fracao_Perda_A)__cat(Status_Metabolico_Sexo_Animal),38,2.50208672414031,0.11595941220824577,0.13317550713129972,-2.135548156870707,0.09429824561403508,0.4385964912280702
LOSO_paises_case,splines_simples__num(Consumo_MS_kg_Fracao_Perda_A)__cat(Sexo_Animal_Modelo),38,2.504799366656594,0.11272883740543846,0.13000527269442919,-1.9860417664195231,0.4385964912280702,0.4385964912280702
LOSO_paises_case,ols__num(Peso_Corporal_kg_Consumo_MS_kg)__cat(Sexo_Animal_Modelo),38,2.507486770988205,0.11139176100643526,0.1291002565371076,-1.918512923024225,0.4385964912280702,0.4385964912280702
LOSO_paises_case,ols_simples__num(Peso_Corporal_kg_Consumo_MS_kg)__cat(Sexo_Animal_Modelo),38,2.507486770988205,0.11139176100643526,0.1291002565371076,-1.9185129230242255,0.4385964912280702,0.4385964912280702
LOSO_paises_case,splines__num(Peso_Corporal_kg_Consumo_MS_kg)__cat(Sexo_Animal_Modelo),38,2.507486770988205,0.11139176100643526,0.1291002565371076,-1.918512923024225,0.4385964912280702,0.4385964912280702
LOSO_paises_case,splines_simples__num(Fracao_Perda_A)__cat(Status_Metabolico_Sexo_Animal),38,2.507898480086675,0.11601715074444803,0.1335817056979669,-2.0744640694377066,0.09429824561403508,0.4385964912280702
LOSO_paises_case,ols_simples__num(Consumo_MS_kg)__cat(Status_Metabolico_Sexo_Animal),38,2.5089695306848916,0.1163825671435346,0.13308435498407806,-2.1200256061372085,0.09429824561403508,0.4385964912280702
LOSO_paises_case,ols__num(Consumo_MS_kg)__cat(Status_Metabolico_Sexo_Animal),38,2.5089695308518256,0.11638256743326335,0.13308435528726512,-2.1200256188149633,0.09429824561403508,0.4385964912280702
LOSO_paises_case,splines__num(Consumo_MS_kg)__cat(Status_Metabolico_Sexo_Animal),38,2.5089695308518256,0.11638256743326335,0.13308435528726512,-2.1200256188149633,0.09429824561403508,0.4385964912280702
LOSO_paises_case,ols__num(Consumo_MS_kg_Fracao_Perda_A)__cat(Sexo_Animal_Modelo),38,2.5205351885715594,0.11189749247863863,0.12937286433484857,-1.9452795183005154,0.4385964912280702,0.4385964912280702
LOSO_paises_case,splines__num(Consumo_MS_kg_Fracao_Perda_A)__cat(Sexo_Animal_Modelo),38,2.5205351885715594,0.11189749247863863,0.12937286433484857,-1.9452795183005154,0.4385964912280702,0.4385964912280702
LOSO_paises_case,ols_simples__num(Consumo_MS_kg_Fracao_Perda_A)__cat(Sexo_Animal_Modelo),38,2.5205351885715603,0.11189749247863863,0.12937286433484857,-1.9452795183005158,0.4385964912280702,0.4385964912280702
LOSO_paises_case,ols_simples__num(Peso_Corporal_kg)__cat(Sexo_Animal),38,2.5209702760752215,0.11305354225345521,0.13004229218239924,-1.9688748265561353,0.09429824561403508,0.4385964912280702
LOSO_paises_case,ols__num(Peso_Corporal_kg)__cat(Sexo_Animal),38,2.520970276078941,0.11305354225348131,0.13004229218239285,-1.9688748265651073,0.09429824561403508,0.4385964912280702
LOSO_paises_case,splines__num(Peso_Corporal_kg)__cat(Sexo_Animal),38,2.520970276078941,0.11305354225348131,0.13004229218239285,-1.9688748265651073,0.09429824561403508,0.4385964912280702
LOSO_paises_case,ols__num(Peso_Corporal_kg_Fracao_Perda_A)__cat(Sexo_Animal_Modelo),38,2.523033414562258,0.11187452684913342,0.12941648900756517,-1.9383108186722937,0.4385964912280702,0.4385964912280702
LOSO_paises_case,splines__num(Peso_Corporal_kg_Fracao_Perda_A)__cat(Sexo_Animal_Modelo),38,2.523033414562258,0.11187452684913342,0.12941648900756517,-1.9383108186722937,0.4385964912280702,0.4385964912280702
LOSO_paises_case,ols_simples__num(Peso_Corporal_kg_Fracao_Perda_A)__cat(Sexo_Animal_Modelo),38,2.523033414562259,0.11187452684913343,0.12941648900756517,-1.938310818672294,0.4385964912280702,0.4385964912280702
LOSO_paises_case,splines_simples__num(Peso_Corporal_kg_Consumo_MS_kg_Fracao_Perda_A)__cat(Status_Metabolico_Sexo_Animal_Modelo),38,2.524104180413228,0.11595838379387846,0.134402140878776,-2.2050152857902603,0.4385964912280702,0.4385964912280702
LOSO_paises_case,splines_simples__num(Peso_Corporal_kg_Consumo_MS_kg)__cat(Status_Metabolico_Sexo_Animal_Modelo),38,2.5273334682445614,0.11586946892569581,0.1344368865195493,-2.2060357260645964,0.4385964912280702,0.4385964912280702
LOSO_paises_case,splines_simples__num(Consumo_MS_kg_Fracao_Perda_A)__cat(Sexo_Animal),38,2.5347663836597127,0.11409736370219341,0.13151014829261456,-2.000162082808,0.09429824561403508,0.4385964912280702
LOSO_paises_case,ols__num(Peso_Corporal_kg_Consumo_MS_kg)__cat(Sexo_Animal),38,2.5402366387421216,0.11307656740009449,0.1305913796127224,-1.9334214018103177,0.09429824561403508,0.4385964912280702
LOSO_paises_case,splines__num(Peso_Corporal_kg_Consumo_MS_kg)__cat(Sexo_Animal),38,2.5402366387421216,0.11307656740009449,0.1305913796127224,-1.9334214018103177,0.09429824561403508,0.4385964912280702
LOSO_paises_case,ols_simples__num(Peso_Corporal_kg_Consumo_MS_kg)__cat(Sexo_Animal),38,2.5402366387421225,0.11307656740009449,0.13059137961272244,-1.9334214018103184,0.09429824561403508,0.4385964912280702
LOSO_paises_case,ols__num(Peso_Corporal_kg_Consumo_MS_kg_Fracao_Perda_A)__cat(Sexo_Animal_Modelo),38,2.540249341852463,0.11233858038393758,0.12974394426033592,-1.963565266319482,0.4385964912280702,0.4385964912280702
LOSO_paises_case,splines__num(Peso_Corporal_kg_Consumo_MS_kg_Fracao_Perda_A)__cat(Sexo_Animal_Modelo),38,2.540249341852463,0.11233858038393758,0.12974394426033592,-1.963565266319482,0.4385964912280702,0.4385964912280702
LOSO_paises_case,ols_simples__num(Peso_Corporal_kg_Consumo_MS_kg_Fracao_Perda_A)__cat(Sexo_Animal_Modelo),38,2.5402493418524643,0.11233858038393758,0.12974394426033592,-1.963565266319482,0.4385964912280702,0.4385964912280702
LOSO_paises_case,ols__num(Fracao_Perda_A)__cat(Sexo_Animal_Modelo),38,2.5525697453303464,0.11261147378709901,0.1301586804573587,-1.965117818436267,0.4385964912280702,0.4385964912280702
LOSO_paises_case,splines__num(Fracao_Perda_A)__cat(Sexo_Animal_Modelo),38,2.5525697453303464,0.11261147378709901,0.1301586804573587,-1.965117818436267,0.4385964912280702,0.4385964912280702
LOSO_paises_case,ols_simples__num(Fracao_Perda_A)__cat(Sexo_Animal_Modelo),38,2.5525697453375855,0.11261147378695921,0.1301586804574837,-1.9651178184171354,0.4385964912280702,0.4385964912280702
LOSO_paises_case,ols__num(Consumo_MS_kg_Fracao_Perda_A)__cat(Sexo_Animal),38,2.552912354833931,0.11353520604232008,0.13088773820427088,-1.960237029228353,0.09429824561403508,0.4385964912280702
LOSO_paises_case,splines__num(Consumo_MS_kg_Fracao_Perda_A)__cat(Sexo_Animal),38,2.552912354833931,0.11353520604232008,0.13088773820427088,-1.960237029228353,0.09429824561403508,0.4385964912280702
LOSO_paises_case,ols_simples__num(Consumo_MS_kg_Fracao_Perda_A)__cat(Sexo_Animal),38,2.5529123548339316,0.11353520604232009,0.13088773820427088,-1.9602370292283535,0.09429824561403508,0.4385964912280702
LOSO_paises_case,splines_simples__num(Peso_Corporal_kg_Fracao_Perda_A)__cat(Status_Metabolico_Sexo_Animal_Modelo),38,2.5550854696917713,0.11647627899747869,0.13510560156152288,-2.260880655539411,0.4385964912280702,0.4385964912280702
LOSO_paises_case,ols__num(Peso_Corporal_kg_Fracao_Perda_A)__cat(Sexo_Animal),38,2.5557191224283575,0.1135422996188165,0.13091400355716354,-1.9530156114375554,0.09429824561403508,0.4385964912280702
LOSO_paises_case,ols_simples__num(Peso_Corporal_kg_Fracao_Perda_A)__cat(Sexo_Animal),38,2.5557191224283575,0.1135422996188165,0.13091400355716354,-1.9530156114375554,0.09429824561403508,0.4385964912280702
LOSO_paises_case,splines__num(Peso_Corporal_kg_Fracao_Perda_A)__cat(Sexo_Animal),38,2.5557191224283575,0.1135422996188165,0.13091400355716354,-1.9530156114375554,0.09429824561403508,0.4385964912280702
LOSO_paises_case,splines_simples__num(Peso_Corporal_kg_Consumo_MS_kg_Fracao_Perda_A)__cat(Sexo_Animal_Modelo),38,2.5673762673243954,0.11358980979756143,0.1312672729692098,-2.0410599060709544,0.4385964912280702,0.4385964912280702
LOSO_paises_case,splines_simples__num(Peso_Corporal_kg_Consumo_MS_kg)__cat(Sexo_Animal_Modelo),38,2.571647352982505,0.11356870391738667,0.13151624423269367,-2.0381705957158536,0.4385964912280702,0.4385964912280702
LOSO_paises_case,ols__num(Peso_Corporal_kg_Consumo_MS_kg_Fracao_Perda_A)__cat(Sexo_Animal),38,2.572793698565538,0.11397767034192792,0.1312624151710585,-1.9786780413415344,0.09429824561403508,0.4385964912280702
LOSO_paises_case,splines__num(Peso_Corporal_kg_Consumo_MS_kg_Fracao_Perda_A)__cat(Sexo_Animal),38,2.572793698565538,0.11397767034192792,0.1312624151710585,-1.9786780413415344,0.09429824561403508,0.4385964912280702
LOSO_paises_case,ols_simples__num(Peso_Corporal_kg_Consumo_MS_kg_Fracao_Perda_A)__cat(Sexo_Animal),38,2.5727936985655386,0.11397767034192789,0.1312624151710585,-1.9786780413415341,0.09429824561403508,0.4385964912280702
LOSO_paises_case,splines_simples__num(Peso_Corporal_kg)__cat(Sexo_Animal_Modelo),38,2.5759613562572423,0.11572022437656947,0.1323545767612928,-2.144734446197647,0.4385964912280702,0.4385964912280702
LOSO_paises_case,splines_simples__num(Fracao_Perda_A)__cat(Sexo_Animal_Modelo),38,2.5812113714936116,0.11262127904044808,0.1308953697576137,-1.9935026278118884,0.4385964912280702,0.4385964912280702
LOSO_paises_case,splines_simples__num(Consumo_MS_kg)__cat(Sexo_Animal_Modelo),38,2.586272030734675,0.11513662360336459,0.13189220031307253,-2.109821686088955,0.4385964912280702,0.4385964912280702
LOSO_paises_case,ols_simples__num(Fracao_Perda_A)__cat(Sexo_Animal),38,2.5864066469116005,0.11432267956774499,0.13162906507352626,-1.9796086763664231,0.09429824561403508,0.4385964912280702
LOSO_paises_case,ols__num(Fracao_Perda_A)__cat(Sexo_Animal),38,2.586406646927913,0.11432267956776548,0.13162906507356742,-1.9796086763886442,0.09429824561403508,0.4385964912280702
LOSO_paises_case,splines__num(Fracao_Perda_A)__cat(Sexo_Animal),38,2.586406646927913,0.11432267956776548,0.13162906507356742,-1.9796086763886442,0.09429824561403508,0.4385964912280702
LOSO_paises_case,ols__num(Consumo_MS_kg)__cat(Sexo_Animal_Modelo),38,2.5933074877978535,0.11401693875036295,0.13123891808408078,-2.0554725318193765,0.4385964912280702,0.4385964912280702
LOSO_paises_case,splines__num(Consumo_MS_kg)__cat(Sexo_Animal_Modelo),38,2.5933074877978535,0.11401693875036295,0.13123891808408078,-2.0554725318193765,0.4385964912280702,0.4385964912280702
LOSO_paises_case,ols_simples__num(Consumo_MS_kg)__cat(Sexo_Animal_Modelo),38,2.5933074878043665,0.11401693874985071,0.13123891808350552,-2.0554725317975517,0.4385964912280702,0.4385964912280702
LOSO_paises_case,splines_simples__num(Peso_Corporal_kg_Fracao_Perda_A)__cat(Sexo_Animal_Modelo),38,2.598864302015708,0.11447111032709104,0.1324111274893138,-2.085233187564654,0.4385964912280702,0.4385964912280702
LOSO_paises_case,splines_simples__num(Peso_Corporal_kg_Consumo_MS_kg_Fracao_Perda_A)__cat(Sexo_Animal),38,2.598938941124528,0.11460076746862094,0.1327054824974789,-2.0590629367250677,0.09429824561403508,0.4385964912280702
LOSO_paises_case,splines_simples__num(Peso_Corporal_kg_Consumo_MS_kg)__cat(Sexo_Animal),38,2.60412110138304,0.11469122220734486,0.13296882349694017,-2.056368983992536,0.09429824561403508,0.4385964912280702
LOSO_paises_case,splines_simples__num(Fracao_Perda_A)__cat(Sexo_Animal),38,2.6154873693205083,0.11439581450935099,0.13240967379111276,-2.009599257846311,0.09429824561403508,0.4385964912280702
LOSO_paises_case,splines_simples__num(Consumo_MS_kg)__cat(Sexo_Animal),38,2.6178931310106277,0.11636030590923896,0.13334789793495147,-2.1250748485625777,0.09429824561403508,0.4385964912280702
LOSO_paises_case,ols__num(Consumo_MS_kg)__cat(Sexo_Animal),38,2.6279328237175514,0.11564815454167261,0.13273651099368977,-2.0718829383132236,0.09429824561403508,0.4385964912280702
LOSO_paises_case,splines__num(Consumo_MS_kg)__cat(Sexo_Animal),38,2.6279328237175514,0.11564815454167261,0.13273651099368977,-2.0718829383132236,0.09429824561403508,0.4385964912280702
LOSO_paises_case,ols_simples__num(Consumo_MS_kg)__cat(Sexo_Animal),38,2.6279328237186013,0.11564815454175054,0.1327365109937853,-2.071882938318587,0.09429824561403508,0.4385964912280702
LOSO_paises_case,splines_simples__num(Peso_Corporal_kg_Fracao_Perda_A)__cat(Sexo_Animal),38,2.6318764949813214,0.1156299220964005,0.13388668975956225,-2.103786732878545,0.09429824561403508,0.4385964912280702
LOSO_paises_case,ols__num(Fracao_Perda_A)__cat(Modelo),38,2.861490556905187,0.11700727443603498,0.1326117496094511,-1.9662050645240847,0.4385964912280702,0.4385964912280702
LOSO_paises_case,ols_simples__num(Fracao_Perda_A)__cat(Modelo),38,2.861490556905187,0.11700727443603497,0.1326117496094511,-1.9662050645240858,0.4385964912280702,0.4385964912280702
LOSO_paises_case,splines__num(Fracao_Perda_A)__cat(Modelo),38,2.861490556905187,0.11700727443603498,0.1326117496094511,-1.9662050645240847,0.4385964912280702,0.4385964912280702
LOSO_paises_case,baseline_mediana_modelo,38,2.8967559894953596,0.11660836156436954,0.132524277776249,-1.9933855572805945,0.4385964912280702,0.4385964912280702
